{
    "num_partitions": 1,
    "random_state": 42,
    "num_trials": 10,
    "fit_time": 252.96400380134583,
    "score": 0.8470199300625423
}