{
    "num_partitions": 1,
    "random_state": 42,
    "num_trials": 10,
    "fit_time": 330.6466040611267,
    "score": 0.8450210349779667
}