{
    "num_partitions": 1,
    "random_state": 42,
    "num_trials": 10,
    "fit_time": 299.2036929130554,
    "score": 0.8369876996773685
}